stop_name,hr_pm,direction,avg_total_ons,avg_total_offs,avg_passenger_flow,delay_minutes
Assembly,2,SB,6479.0,1368.3333333333333,880.6666666666666,1.8166666666666669
Assembly,3,NB,1780.3333333333333,7749.0,813.3333333333334,-3.117948717948718
Assembly,3,SB,8216.666666666666,1504.6666666666667,883.6666666666666,0.7736111111111111
Assembly,4,NB,2250.6666666666665,8721.0,1121.0,-3.038888888888889
Assembly,4,SB,9428.333333333334,1378.0,850.3333333333334,1.0208333333333333
Assembly,5,NB,2601.3333333333335,9930.0,1468.6666666666667,-1.1513888888888888
Assembly,5,SB,9565.333333333334,1363.3333333333333,826.6666666666666,1.3499999999999999
Assembly,6,NB,2393.6666666666665,7433.333333333333,1075.3333333333333,4.520833333333333
Assembly,6,SB,8627.0,1128.6666666666667,747.6666666666666,4.505128205128205
Assembly,7,NB,1837.6666666666667,4966.666666666667,815.0,5.9750000000000005
Assembly,7,SB,6133.333333333333,702.6666666666666,502.3333333333333,5.554166666666667
Assembly,8,NB,1421.6666666666667,3444.0,617.6666666666666,2.2680555555555557
Assembly,8,SB,4039.6666666666665,381.3333333333333,312.3333333333333,4.85
Assembly,9,NB,1285.6666666666667,3209.0,591.6666666666666,0.3166666666666666
Assembly,9,SB,3423.6666666666665,283.6666666666667,262.3333333333333,3.0016666666666665
Assembly,10,NB,1056.0,3020.3333333333335,639.6666666666666,-3.9383333333333335
Assembly,10,SB,2359.0,133.0,206.33333333333334,1.2999999999999998
Assembly,11,NB,516.0,1947.3333333333333,509.3333333333333,-5.199999999999999
Assembly,11,SB,1184.3333333333333,86.33333333333333,119.66666666666667,0.915
Back Bay,2,NB,11017.333333333334,7337.0,1363.0,-3.1
Back Bay,2,SB,5225.0,11511.666666666666,879.6666666666666,-0.9
Back Bay,3,NB,15393.0,7013.666666666667,1498.0,-3.378205128205128
Back Bay,3,SB,6326.333333333333,14431.0,1059.0,1.3805555555555555
Back Bay,4,NB,20228.333333333332,6628.333333333333,1602.6666666666667,-3.4694444444444446
Back Bay,4,SB,7913.0,15119.0,1218.3333333333333,1.951388888888889
Back Bay,5,NB,25027.666666666668,5874.0,1674.0,-1.4875
Back Bay,5,SB,8966.666666666666,13578.0,1342.3333333333333,2.5180555555555553
Back Bay,6,NB,16217.0,4370.666666666667,1244.6666666666667,-0.1777777777777778
Back Bay,6,SB,6770.0,9944.0,1126.3333333333333,5.077777777777778
Back Bay,7,NB,11034.666666666666,2655.3333333333335,917.3333333333334,1.5097222222222222
Back Bay,7,SB,5077.666666666667,5716.0,846.3333333333334,6.9192307692307695
Back Bay,8,NB,7020.0,1613.3333333333333,616.6666666666666,1.9749999999999999
Back Bay,8,SB,3823.3333333333335,4044.6666666666665,701.6666666666666,6.7712121212121215
Back Bay,9,NB,6544.0,1259.3333333333333,561.6666666666666,-1.94
Back Bay,9,SB,3375.3333333333335,3878.0,667.6666666666666,4.14
Back Bay,10,NB,6653.333333333333,987.3333333333334,538.0,-4.7712121212121215
Back Bay,10,SB,2906.6666666666665,3879.6666666666665,607.6666666666666,2.401851851851852
Back Bay,11,NB,5521.0,511.0,402.3333333333333,-5.868518518518518
Back Bay,11,SB,2385.6666666666665,2380.6666666666665,496.0,2.2333333333333334
Chinatown,2,NB,5447.666666666667,3322.3333333333335,1480.3333333333333,-3.0166666666666666
Chinatown,2,SB,2890.3333333333335,4487.666666666667,1232.3333333333333,-1.2166666666666666
Chinatown,3,NB,6265.666666666667,3388.3333333333335,1710.3333333333333,-3.111111111111111
Chinatown,3,SB,3439.0,4877.666666666667,1392.3333333333333,0.9833333333333333
Chinatown,4,NB,7262.666666666667,3589.3333333333335,1856.3333333333333,-3.2680555555555557
Chinatown,4,SB,3749.3333333333335,4650.0,1490.3333333333333,1.3458333333333332
Chinatown,5,NB,7710.0,3850.6666666666665,1950.3333333333333,-1.5708333333333335
Chinatown,5,SB,4168.333333333333,4072.6666666666665,1513.0,2.023611111111111
Chinatown,6,NB,5872.0,3243.6666666666665,1405.6666666666667,2.755555555555555
Chinatown,6,SB,3225.0,3673.0,1245.6666666666667,4.927777777777778
Chinatown,7,NB,4852.0,2340.0,1119.6666666666667,3.5012820512820513
Chinatown,7,SB,2851.6666666666665,2335.0,920.0,6.170833333333333
Chinatown,8,NB,3724.3333333333335,1371.3333333333333,763.6666666666666,2.3138888888888887
Chinatown,8,SB,2707.3333333333335,1582.3333333333333,741.0,6.554545454545454
Chinatown,9,NB,4907.0,970.6666666666666,751.0,-1.8066666666666666
Chinatown,9,SB,3290.0,1418.3333333333333,703.0,3.806666666666667
Chinatown,10,NB,3385.0,547.3333333333334,700.3333333333334,-4.696666666666667
Chinatown,10,SB,2250.0,1079.6666666666667,632.0,1.9600000000000002
Chinatown,11,NB,2449.3333333333335,334.6666666666667,546.0,-5.57962962962963
Chinatown,11,SB,1441.6666666666667,615.6666666666666,491.6666666666667,1.825
Community College,2,NB,1870.6666666666667,4742.333333333333,977.6666666666666,-2.55
Community College,2,SB,7104.666666666667,1460.3333333333333,1233.3333333333333,0.8
Community College,3,NB,1964.6666666666667,5049.666666666667,1246.6666666666667,-3.1777777777777776
Community College,3,SB,6316.0,1280.6666666666667,1211.3333333333333,0.7319444444444444
Community College,4,NB,2622.0,5115.0,1564.3333333333333,-3.1847222222222222
Community College,4,SB,5984.666666666667,1164.3333333333333,1154.0,0.8652777777777777
Community College,5,NB,3222.3333333333335,5538.333333333333,1847.3333333333333,-1.2756410256410255
Community College,5,SB,5497.0,1104.0,1094.3333333333333,1.1791666666666667
Community College,6,NB,1727.3333333333333,3741.0,1371.0,5.226388888888889
Community College,6,SB,2916.6666666666665,787.3333333333334,924.0,4.37948717948718
Community College,7,NB,1236.6666666666667,2420.3333333333335,1051.0,4.983333333333333
Community College,7,SB,2338.0,469.3333333333333,630.0,5.176388888888889
Community College,8,NB,941.0,1629.6666666666667,797.6666666666666,2.0444444444444447
Community College,8,SB,1811.6666666666667,319.6666666666667,411.3333333333333,5.458333333333334
Community College,9,NB,618.6666666666666,1589.3333333333333,781.0,-0.0787878787878788
Community College,9,SB,1139.6666666666667,276.3333333333333,372.0,2.9699999999999998
Community College,10,NB,327.3333333333333,1448.6666666666667,856.3333333333334,-4.298333333333334
Community College,10,SB,691.0,191.33333333333334,281.0,0.9399999999999998
Community College,11,NB,273.6666666666667,954.3333333333334,676.3333333333334,-5.212962962962963
Community College,11,SB,644.6666666666666,104.0,184.33333333333334,0.5633333333333334
Downtown Crossing,2,NB,13665.666666666666,13693.666666666666,1499.6666666666667,-3.2750000000000004
Downtown Crossing,2,SB,10553.0,12398.0,1302.0,1.8166666666666669
Downtown Crossing,3,NB,17623.0,15014.333333333334,1769.6666666666667,-2.338888888888889
Downtown Crossing,3,SB,13231.666666666666,13637.0,1437.6666666666667,1.7666666666666666
Downtown Crossing,4,NB,22756.0,16272.0,2058.3333333333335,-3.130555555555555
Downtown Crossing,4,SB,15225.0,13975.666666666666,1525.3333333333333,1.9472222222222222
Downtown Crossing,5,NB,23740.333333333332,14730.333333333334,2158.6666666666665,-0.7111111111111111
Downtown Crossing,5,SB,17102.0,12765.333333333334,1546.6666666666667,2.576388888888889
Downtown Crossing,6,NB,16943.0,10347.333333333334,1616.6666666666667,5.063888888888889
Downtown Crossing,6,SB,12786.0,9587.333333333334,1226.6666666666667,5.691666666666666
Downtown Crossing,7,NB,11282.333333333334,7480.666666666667,1262.3333333333333,4.791025641025641
Downtown Crossing,7,SB,8667.333333333334,6527.0,924.6666666666666,6.042307692307692
Downtown Crossing,8,NB,7719.666666666667,5093.333333333333,885.6666666666666,3.1555555555555554
Downtown Crossing,8,SB,6628.0,4715.333333333333,696.3333333333334,6.42
Downtown Crossing,9,NB,7112.333333333333,4524.666666666667,839.3333333333334,-1.23
Downtown Crossing,9,SB,5729.0,4326.666666666667,621.3333333333334,3.5916666666666663
Downtown Crossing,10,NB,6375.333333333333,3859.6666666666665,797.0,-4.275
Downtown Crossing,10,SB,4713.666666666667,4292.666666666667,596.6666666666666,1.7566666666666666
Downtown Crossing,11,NB,4981.666666666667,2831.3333333333335,635.3333333333334,-5.181481481481481
Downtown Crossing,11,SB,3958.0,2621.0,461.6666666666667,1.6816666666666666
Forest Hills,3,NB,13944.0,0.0,411.3333333333333,-4.409090909090909
Forest Hills,4,NB,13148.333333333334,0.0,369.6666666666667,-4.391666666666667
Forest Hills,5,NB,11572.666666666666,0.0,340.6666666666667,-3.913888888888889
Forest Hills,6,NB,8467.666666666666,0.0,262.0,-3.8884615384615384
Forest Hills,7,NB,5356.0,0.0,183.66666666666666,-0.19027777777777777
Forest Hills,8,NB,4004.0,0.0,137.33333333333334,-1.2454545454545456
Forest Hills,9,NB,3669.0,0.0,129.0,-4.575
Forest Hills,10,NB,2925.0,0.0,98.66666666666667,-5.35
Forest Hills,11,NB,1648.0,0.0,61.0,-6.238888888888889
Green Street,2,NB,4349.666666666667,232.0,521.0,-2.35
Green Street,2,SB,430.3333333333333,3380.6666666666665,324.6666666666667,1.7666666666666666
Green Street,3,NB,2887.3333333333335,273.0,473.6666666666667,-3.2805555555555554
Green Street,3,SB,210.0,4329.666666666667,378.6666666666667,-0.49743589743589745
Green Street,4,NB,2782.3333333333335,328.6666666666667,463.0,-3.401388888888889
Green Street,4,SB,191.33333333333334,5628.0,436.3333333333333,0.9527777777777778
Green Street,5,NB,3599.3333333333335,327.0,446.3333333333333,-2.2444444444444445
Green Street,5,SB,234.33333333333334,7953.0,521.0,1.1916666666666667
Green Street,6,NB,2615.6666666666665,256.6666666666667,339.3333333333333,-1.9041666666666668
Green Street,6,SB,140.33333333333334,6146.666666666667,420.3333333333333,2.404166666666667
Green Street,7,NB,1531.0,190.33333333333334,243.0,0.9858974358974357
Green Street,7,SB,88.33333333333333,4331.0,327.6666666666667,5.805128205128205
Green Street,8,NB,883.3333333333334,133.0,171.0,2.946969696969697
Green Street,8,SB,59.0,3305.3333333333335,260.6666666666667,5.690909090909091
Green Street,9,NB,824.3333333333334,138.0,148.0,-2.9433333333333334
Green Street,9,SB,54.666666666666664,2992.3333333333335,224.0,2.203333333333333
Green Street,10,NB,665.6666666666666,198.0,128.33333333333334,-4.381666666666667
Green Street,10,SB,49.0,2630.3333333333335,222.66666666666666,0.8666666666666666
Green Street,11,NB,426.0,123.66666666666667,76.66666666666667,-5.283333333333333
Green Street,11,SB,50.666666666666664,1890.3333333333333,207.66666666666666,0.7333333333333332
Haymarket,2,NB,2343.6666666666665,6126.0,1105.6666666666667,-4.833333333333333
Haymarket,2,SB,5012.666666666667,2850.6666666666665,1287.0,1.6333333333333333
Haymarket,3,NB,3046.6666666666665,7241.333333333333,1402.0,-2.6833333333333336
Haymarket,3,SB,6032.666666666667,3053.3333333333335,1294.6666666666667,1.5166666666666668
Haymarket,4,NB,3771.3333333333335,7542.666666666667,1699.3333333333333,-3.3208333333333333
Haymarket,4,SB,7188.666666666667,2685.3333333333335,1390.3333333333333,1.5888888888888888
Haymarket,5,NB,4052.0,7978.0,1907.3333333333333,-1.0402777777777776
Haymarket,5,SB,7463.666666666667,2391.0,1233.6666666666667,2.077777777777778
Haymarket,6,NB,3175.3333333333335,6089.666666666667,1369.0,5.342307692307693
Haymarket,6,SB,5497.666666666667,2104.6666666666665,1084.0,5.991666666666667
Haymarket,7,NB,2343.6666666666665,4535.333333333333,1054.3333333333333,4.251388888888889
Haymarket,7,SB,3883.0,1295.6666666666667,754.6666666666666,6.081944444444445
Haymarket,8,NB,1914.0,2997.0,752.0,2.5347222222222223
Haymarket,8,SB,3133.3333333333335,804.6666666666666,564.0,6.442424242424243
Haymarket,9,NB,1959.0,2613.0,679.6666666666666,-0.215
Haymarket,9,SB,2973.6666666666665,684.3333333333334,553.0,3.5083333333333337
Haymarket,10,NB,1712.6666666666667,2071.0,609.3333333333334,-4.006060606060606
Haymarket,10,SB,2511.0,572.3333333333334,603.3333333333334,1.662962962962963
Haymarket,11,NB,1348.0,1545.6666666666667,483.6666666666667,-4.953703703703704
Haymarket,11,SB,1782.3333333333333,363.6666666666667,390.3333333333333,1.685
Jackson Square,2,NB,6075.0,1054.6666666666667,772.6666666666666,-4.2
Jackson Square,2,SB,755.0,5576.333333333333,534.0,-0.7833333333333333
Jackson Square,3,NB,6608.0,1034.6666666666667,752.3333333333334,-3.4375
Jackson Square,3,SB,968.3333333333334,6687.0,646.0,-0.12916666666666668
Jackson Square,4,NB,7057.666666666667,1135.0,726.3333333333334,-3.6180555555555554
Jackson Square,4,SB,984.0,7808.0,752.3333333333334,1.1388888888888888
Jackson Square,5,NB,5839.666666666667,953.3333333333334,669.0,-1.9055555555555557
Jackson Square,5,SB,886.6666666666666,8498.0,910.0,1.491025641025641
Jackson Square,6,NB,4338.666666666667,724.6666666666666,545.3333333333334,-1.7525641025641023
Jackson Square,6,SB,790.6666666666666,6874.333333333333,747.0,3.295833333333333
Jackson Square,7,NB,2679.6666666666665,560.0,378.3333333333333,0.6666666666666666
Jackson Square,7,SB,479.3333333333333,5316.666666666667,556.3333333333334,5.877777777777777
Jackson Square,8,NB,1818.6666666666667,375.6666666666667,234.66666666666666,2.2636363636363637
Jackson Square,8,SB,370.3333333333333,4290.333333333333,459.6666666666667,6.033333333333334
Jackson Square,9,NB,1666.0,350.3333333333333,218.33333333333334,-2.753030303030303
Jackson Square,9,SB,257.3333333333333,4077.6666666666665,409.3333333333333,2.421666666666667
Jackson Square,10,NB,1415.0,246.0,185.33333333333334,-4.823333333333333
Jackson Square,10,SB,217.0,3935.6666666666665,395.0,1.1833333333333331
Jackson Square,11,NB,739.3333333333334,149.0,115.66666666666667,-5.590740740740741
Jackson Square,11,SB,125.33333333333333,3141.3333333333335,338.3333333333333,1.135
Malden Center,2,SB,10531.333333333334,148.0,501.0,2.8833333333333333
Malden Center,3,NB,152.33333333333334,13558.0,211.33333333333334,-4.233333333333333
Malden Center,3,SB,9462.333333333334,135.0,456.3333333333333,1.9708333333333334
Malden Center,4,NB,196.33333333333334,19208.666666666668,327.6666666666667,-3.334722222222222
Malden Center,4,SB,8619.666666666666,154.33333333333334,401.0,2.225
Malden Center,5,NB,255.66666666666666,26519.0,458.6666666666667,-2.2513888888888887
Malden Center,5,SB,7601.333333333333,187.66666666666666,357.0,2.5027777777777778
Malden Center,6,NB,219.33333333333334,19605.0,334.3333333333333,2.5807692307692305
Malden Center,6,SB,5893.0,201.66666666666666,321.6666666666667,5.7525641025641026
Malden Center,7,NB,194.33333333333334,14596.666666666666,252.33333333333334,4.827777777777778
Malden Center,7,SB,3268.3333333333335,121.66666666666667,194.0,6.731944444444444
Malden Center,8,NB,141.33333333333334,10664.0,181.0,2.6902777777777778
Malden Center,8,SB,2512.6666666666665,64.66666666666667,125.0,5.295
Malden Center,9,NB,139.66666666666666,9622.333333333334,166.33333333333334,0.503030303030303
Malden Center,9,SB,2525.3333333333335,71.33333333333333,118.33333333333333,3.655
Malden Center,10,NB,113.33333333333333,9740.666666666666,196.33333333333334,-4.746666666666667
Malden Center,10,SB,1965.6666666666667,85.66666666666667,90.33333333333333,2.6222222222222222
Malden Center,11,NB,56.666666666666664,7437.0,170.33333333333334,-6.086666666666667
Malden Center,11,SB,966.3333333333334,50.0,46.666666666666664,2.0033333333333334
Massachusetts Avenue,2,NB,3853.0,2638.0,1262.6666666666667,-3.75
Massachusetts Avenue,2,SB,1984.0,3755.3333333333335,801.6666666666666,0.5166666666666667
Massachusetts Avenue,3,NB,5292.666666666667,2592.0,1263.0,-3.665277777777778
Massachusetts Avenue,3,SB,2790.0,4475.0,1001.3333333333334,1.5499999999999998
Massachusetts Avenue,4,NB,6089.333333333333,2586.6666666666665,1282.0,-3.829166666666667
Massachusetts Avenue,4,SB,3487.6666666666665,4892.666666666667,1135.0,2.227777777777778
Massachusetts Avenue,5,NB,6150.666666666667,2496.0,1178.0,-2.136111111111111
Massachusetts Avenue,5,SB,3987.0,5885.0,1272.6666666666667,2.880555555555555
Massachusetts Avenue,6,NB,4358.333333333333,2050.0,886.6666666666666,-1.5888888888888888
Massachusetts Avenue,6,SB,3174.3333333333335,4698.0,1107.3333333333333,5.816666666666666
Massachusetts Avenue,7,NB,2956.6666666666665,1585.0,648.6666666666666,0.791025641025641
Massachusetts Avenue,7,SB,2411.0,3325.6666666666665,825.3333333333334,7.32361111111111
Massachusetts Avenue,8,NB,2109.0,953.3333333333334,436.0,1.988888888888889
Massachusetts Avenue,8,SB,1958.6666666666667,2325.6666666666665,688.3333333333334,7.115151515151515
Massachusetts Avenue,9,NB,2301.6666666666665,806.6666666666666,390.6666666666667,-3.035
Massachusetts Avenue,9,SB,1951.6666666666667,2078.6666666666665,627.0,4.388333333333334
Massachusetts Avenue,10,NB,2308.6666666666665,654.3333333333334,349.0,-4.963333333333333
Massachusetts Avenue,10,SB,1954.6666666666667,1739.3333333333333,614.0,2.9283333333333332
Massachusetts Avenue,11,NB,1534.6666666666667,440.6666666666667,223.33333333333334,-6.033333333333334
Massachusetts Avenue,11,SB,1318.6666666666667,1324.3333333333333,535.0,2.5683333333333334
North Station,2,SB,6413.666666666667,6210.666666666667,1223.0,0.4666666666666667
North Station,3,NB,8636.0,9606.0,1343.6666666666667,-3.2576923076923077
North Station,3,SB,8985.666666666666,6608.0,1250.0,0.5875
North Station,4,NB,12377.666666666666,13385.666666666666,1683.0,-3.891666666666667
North Station,4,SB,10988.0,7517.0,1269.0,0.6291666666666667
North Station,5,NB,14555.333333333334,15747.0,1870.3333333333333,-1.4152777777777779
North Station,5,SB,10492.666666666666,8768.333333333334,1082.6666666666667,1.0611111111111111
North Station,6,NB,11716.333333333334,11543.0,1414.6666666666667,4.833333333333333
North Station,6,SB,8616.666666666666,9405.0,967.3333333333334,4.404166666666667
North Station,7,NB,8023.0,7273.0,1064.0,4.121794871794872
North Station,7,SB,5021.666666666667,5297.333333333333,661.3333333333334,4.747222222222223
North Station,8,NB,6316.666666666667,4359.0,849.0,1.8916666666666666
North Station,8,SB,4026.3333333333335,2805.0,473.6666666666667,5.701515151515152
North Station,9,NB,9247.333333333334,3320.3333333333335,825.3333333333334,-0.825
North Station,9,SB,6088.333333333333,2016.0,479.0,2.7
North Station,10,NB,10782.666666666666,2177.0,868.3333333333334,-4.529999999999999
North Station,10,SB,7680.666666666667,1107.3333333333333,523.3333333333334,0.48148148148148145
North Station,11,NB,7236.0,1528.0,687.0,-5.468518518518518
North Station,11,SB,4098.0,626.6666666666666,334.0,0.865
Oak Grove,3,SB,3623.6666666666665,0.0,135.66666666666666,0.5
Oak Grove,4,SB,3917.6666666666665,0.0,138.0,0.5
Oak Grove,5,SB,4897.333333333333,0.0,155.66666666666666,0.7888888888888889
Oak Grove,6,SB,4168.0,0.0,130.33333333333334,4.406944444444444
Oak Grove,7,SB,1920.3333333333333,0.0,72.66666666666667,4.584722222222222
Oak Grove,8,SB,963.6666666666666,0.0,35.0,2.9666666666666663
Oak Grove,9,SB,1104.6666666666667,0.0,38.333333333333336,2.125
Oak Grove,10,SB,740.0,0.0,25.666666666666668,0.5
Oak Grove,11,SB,342.0,0.0,12.666666666666666,0.5
Roxbury Crossing,2,NB,9114.666666666666,1107.0,959.3333333333334,-3.566666666666667
Roxbury Crossing,2,SB,3727.3333333333335,3507.6666666666665,668.0,-0.9666666666666668
Roxbury Crossing,3,NB,5731.333333333333,1318.6666666666667,900.0,-2.6750000000000003
Roxbury Crossing,3,SB,2500.6666666666665,4457.666666666667,807.3333333333334,0.7
Roxbury Crossing,4,NB,5157.666666666667,1213.6666666666667,846.0,-2.9569444444444444
Roxbury Crossing,4,SB,2410.3333333333335,5056.0,932.0,1.3402777777777777
Roxbury Crossing,5,NB,4847.0,1164.6666666666667,798.0,-1.1222222222222222
Roxbury Crossing,5,SB,2392.0,6482.666666666667,1101.6666666666667,2.1430555555555553
Roxbury Crossing,6,NB,3577.6666666666665,854.0,623.0,-1.097222222222222
Roxbury Crossing,6,SB,1709.0,4779.333333333333,909.3333333333334,4.040277777777778
Roxbury Crossing,7,NB,2493.3333333333335,554.0,441.0,1.2346153846153847
Roxbury Crossing,7,SB,1122.6666666666667,3526.0,711.0,6.338461538461538
Roxbury Crossing,8,NB,1638.0,411.6666666666667,286.3333333333333,2.8515151515151516
Roxbury Crossing,8,SB,851.0,2697.6666666666665,588.6666666666666,6.042424242424243
Roxbury Crossing,9,NB,1485.0,350.3333333333333,251.33333333333334,-2.0116666666666667
Roxbury Crossing,9,SB,784.0,2412.3333333333335,521.3333333333334,3.2600000000000002
Roxbury Crossing,10,NB,1107.3333333333333,316.3333333333333,220.0,-4.196969696969696
Roxbury Crossing,10,SB,662.6666666666666,2182.0,510.3333333333333,1.7740740740740741
Roxbury Crossing,11,NB,781.6666666666666,182.0,136.0,-4.958333333333334
Roxbury Crossing,11,SB,494.3333333333333,1760.6666666666667,441.6666666666667,1.7133333333333334
Ruggles,2,NB,12658.666666666666,3307.0,1242.6666666666667,-2.9
Ruggles,2,SB,3588.6666666666665,6748.0,711.6666666666666,1.0
Ruggles,3,NB,15433.333333333334,3176.3333333333335,1196.6666666666667,-2.8791666666666664
Ruggles,3,SB,4913.0,7731.333333333333,882.6666666666666,1.0250000000000001
Ruggles,4,NB,16245.666666666666,3226.0,1160.3333333333333,-3.173076923076923
Ruggles,4,SB,5847.0,8087.0,1033.3333333333333,1.6583333333333332
Ruggles,5,NB,15887.0,2973.0,1094.6666666666667,-1.090277777777778
Ruggles,5,SB,6074.0,8708.666666666666,1202.3333333333333,2.4805555555555556
Ruggles,6,NB,9764.0,2012.0,821.3333333333334,-1.1861111111111111
Ruggles,6,SB,4256.666666666667,6246.666666666667,999.6666666666666,4.906410256410257
Ruggles,7,NB,7114.333333333333,1366.3333333333333,600.6666666666666,1.402777777777778
Ruggles,7,SB,3247.3333333333335,4582.333333333333,790.0,6.579166666666667
Ruggles,8,NB,5388.333333333333,873.3333333333334,399.6666666666667,2.4833333333333334
Ruggles,8,SB,2781.0,3607.0,639.6666666666666,6.5
Ruggles,9,NB,3983.3333333333335,730.0,336.0,-2.2616666666666667
Ruggles,9,SB,2218.6666666666665,3377.3333333333335,576.6666666666666,3.7383333333333333
Ruggles,10,NB,2824.6666666666665,556.6666666666666,292.3333333333333,-4.3533333333333335
Ruggles,10,SB,1872.0,3179.0,569.6666666666666,2.2983333333333333
Ruggles,11,NB,1660.0,369.3333333333333,179.33333333333334,-5.261111111111111
Ruggles,11,SB,1210.3333333333333,2615.3333333333335,477.3333333333333,1.9583333333333333
State,2,NB,6292.333333333333,13946.0,1250.0,-4.966666666666667
State,2,SB,10990.0,6650.666666666667,1423.6666666666667,1.6333333333333333
State,3,NB,8097.0,16789.333333333332,1540.3333333333333,-3.0194444444444444
State,3,SB,13085.333333333334,6916.666666666667,1508.0,1.4152777777777779
State,4,NB,11680.0,17601.666666666668,1830.0,-3.631944444444444
State,4,SB,14710.0,6932.666666666667,1582.0,1.5819444444444446
State,5,NB,13159.333333333334,16461.333333333332,2014.0,-1.4564102564102563
State,5,SB,15450.666666666666,6339.666666666667,1493.3333333333333,2.0166666666666666
State,6,NB,7643.666666666667,12043.333333333334,1448.6666666666667,5.2138888888888895
State,6,SB,9834.666666666666,5104.333333333333,1214.3333333333333,5.744871794871795
State,7,NB,4566.666666666667,8972.0,1137.3333333333333,3.959722222222222
State,7,SB,6411.0,3743.3333333333335,854.3333333333334,5.777777777777778
State,8,NB,3375.6666666666665,6427.333333333333,786.0,2.1347222222222224
State,8,SB,5025.666666666667,2871.3333333333335,654.6666666666666,6.383333333333333
State,9,NB,2978.3333333333335,6954.666666666667,703.6666666666666,-0.6121212121212122
State,9,SB,4530.333333333333,2829.3333333333335,597.0,3.222727272727273
State,10,NB,2727.3333333333335,7736.666666666667,617.3333333333334,-4.303333333333333
State,10,SB,3904.3333333333335,3328.0,613.0,1.3574074074074074
State,11,NB,2127.0,6610.666666666667,494.3333333333333,-5.133333333333334
State,11,SB,2975.6666666666665,2107.0,446.6666666666667,1.3816666666666666
Stony Brook,2,NB,2685.6666666666665,302.0,595.0,-3.466666666666667
Stony Brook,2,SB,186.66666666666666,3466.0,421.0,-0.3
Stony Brook,3,NB,3022.6666666666665,317.6666666666667,587.3333333333334,-2.733333333333333
Stony Brook,3,SB,232.33333333333334,4454.333333333333,513.6666666666666,0.5986111111111111
Stony Brook,4,NB,3144.6666666666665,378.3333333333333,552.0,-2.933333333333333
Stony Brook,4,SB,269.0,5654.333333333333,588.3333333333334,1.9444444444444446
Stony Brook,5,NB,3242.3333333333335,502.3333333333333,537.0,-1.0291666666666666
Stony Brook,5,SB,279.6666666666667,8440.333333333334,718.3333333333334,2.1972222222222224
Stony Brook,6,NB,2710.0,397.6666666666667,419.6666666666667,-1.4152777777777779
Stony Brook,6,SB,230.0,6285.666666666667,577.0,4.071794871794872
Stony Brook,7,NB,1688.6666666666667,310.6666666666667,299.6666666666667,1.4041666666666668
Stony Brook,7,SB,158.66666666666666,4604.333333333333,439.3333333333333,6.502777777777777
Stony Brook,8,NB,844.0,227.33333333333334,189.33333333333334,3.1180555555555554
Stony Brook,8,SB,106.66666666666667,3557.3333333333335,356.3333333333333,6.677272727272728
Stony Brook,9,NB,736.3333333333334,208.66666666666666,169.66666666666666,-2.5933333333333333
Stony Brook,9,SB,101.66666666666667,3283.6666666666665,313.3333333333333,3.21
Stony Brook,10,NB,522.0,155.33333333333334,144.33333333333334,-4.033333333333333
Stony Brook,10,SB,77.66666666666667,2929.6666666666665,305.3333333333333,1.8649999999999998
Stony Brook,11,NB,391.3333333333333,107.0,89.33333333333333,-4.887037037037037
Stony Brook,11,SB,53.0,2228.6666666666665,264.6666666666667,1.7600000000000002
Sullivan Square,2,NB,1364.0,5692.0,830.0,-2.283333333333333
Sullivan Square,2,SB,7291.333333333333,1051.0,1085.0,0.6666666666666666
Sullivan Square,3,NB,1734.3333333333333,7504.666666666667,1067.3333333333333,-2.8833333333333333
Sullivan Square,3,SB,8020.333333333333,1307.3333333333333,1098.0,0.5153846153846154
Sullivan Square,4,NB,2176.0,8789.666666666666,1339.6666666666667,-2.888888888888889
Sullivan Square,4,SB,7474.0,1262.6666666666667,1016.6666666666666,0.6666666666666666
Sullivan Square,5,NB,2554.3333333333335,10412.666666666666,1646.6666666666667,-0.9041666666666667
Sullivan Square,5,SB,7221.666666666667,1168.0,990.6666666666666,0.9305555555555557
Sullivan Square,6,NB,1886.3333333333333,7459.0,1197.0,4.726388888888889
Sullivan Square,6,SB,5530.333333333333,966.6666666666666,876.6666666666666,4.344444444444444
Sullivan Square,7,NB,1135.6666666666667,5947.666666666667,912.3333333333334,5.8910256410256405
Sullivan Square,7,SB,3416.6666666666665,728.0,588.6666666666666,4.969444444444444
Sullivan Square,8,NB,782.0,4486.333333333333,694.0,2.3361111111111112
Sullivan Square,8,SB,2380.3333333333335,531.3333333333334,388.3333333333333,5.062121212121212
Sullivan Square,9,NB,754.0,5031.666666666667,642.3333333333334,0.3833333333333334
Sullivan Square,9,SB,2168.6666666666665,488.6666666666667,318.3333333333333,2.5683333333333334
Sullivan Square,10,NB,741.0,5706.666666666667,692.3333333333334,-3.7757575757575754
Sullivan Square,10,SB,2084.6666666666665,433.3333333333333,264.0,0.8999999999999999
Sullivan Square,11,NB,549.6666666666666,4526.333333333333,550.0,-4.962962962962963
Sullivan Square,11,SB,1569.0,232.66666666666666,167.0,0.4366666666666667
Tufts Medical Center,2,NB,5460.666666666667,3118.3333333333335,1412.0,-3.216666666666667
Tufts Medical Center,2,SB,2892.0,5085.0,1155.6666666666667,-1.0333333333333334
Tufts Medical Center,3,NB,8049.666666666667,2873.0,1598.6666666666667,-3.3305555555555553
Tufts Medical Center,3,SB,4225.0,5263.0,1322.6666666666667,1.1083333333333334
Tufts Medical Center,4,NB,9905.666666666666,2847.3333333333335,1800.3333333333333,-3.6152777777777776
Tufts Medical Center,4,SB,4359.333333333333,5140.333333333333,1425.3333333333333,1.6555555555555557
Tufts Medical Center,5,NB,8715.333333333334,2453.0,1833.0,-1.6025641025641024
Tufts Medical Center,5,SB,3799.6666666666665,4968.333333333333,1485.3333333333333,2.1846153846153844
Tufts Medical Center,6,NB,5400.333333333333,1772.0,1323.3333333333333,1.7055555555555557
Tufts Medical Center,6,SB,2438.0,4253.666666666667,1164.6666666666667,5.158333333333333
Tufts Medical Center,7,NB,4200.333333333333,1311.3333333333333,1026.3333333333333,3.023611111111111
Tufts Medical Center,7,SB,1880.6666666666667,2851.6666666666665,886.6666666666666,6.290277777777778
Tufts Medical Center,8,NB,2631.3333333333335,796.3333333333334,678.6666666666666,1.9847222222222223
Tufts Medical Center,8,SB,1260.6666666666667,2044.6666666666667,709.3333333333334,6.659090909090909
Tufts Medical Center,9,NB,2719.0,630.0,629.3333333333334,-2.0183333333333335
Tufts Medical Center,9,SB,1297.6666666666667,1794.6666666666667,687.6666666666666,4.02
Tufts Medical Center,10,NB,2177.3333333333335,601.6666666666666,589.0,-4.8933333333333335
Tufts Medical Center,10,SB,1107.6666666666667,1510.3333333333333,624.3333333333334,2.07
Tufts Medical Center,11,NB,2184.0,385.3333333333333,468.6666666666667,-5.816666666666666
Tufts Medical Center,11,SB,963.0,912.3333333333334,487.6666666666667,2.031481481481481
Wellington,2,NB,368.6666666666667,5397.666666666667,460.6666666666667,-1.7333333333333334
Wellington,2,SB,4946.0,352.3333333333333,657.3333333333334,2.0
Wellington,3,NB,409.6666666666667,7630.666666666667,618.3333333333334,-3.266666666666667
Wellington,3,SB,5529.666666666667,329.6666666666667,617.3333333333334,1.0875000000000001
Wellington,4,NB,465.0,10806.666666666666,834.3333333333334,-2.869444444444445
Wellington,4,SB,5769.0,359.0,569.6666666666666,1.2461538461538462
Wellington,5,NB,526.6666666666666,15218.333333333334,1132.6666666666667,-1.5055555555555555
Wellington,5,SB,5931.666666666667,317.6666666666667,549.0,1.6666666666666667
Wellington,6,NB,466.3333333333333,10198.333333333334,836.0,4.064102564102564
Wellington,6,SB,4730.666666666667,255.33333333333334,478.0,5.0472222222222225
Wellington,7,NB,403.3333333333333,6626.0,664.3333333333334,5.813888888888889
Wellington,7,SB,2596.0,146.66666666666666,279.0,5.879166666666666
Wellington,8,NB,312.0,4458.0,489.6666666666667,3.051388888888889
Wellington,8,SB,1663.6666666666667,111.66666666666667,177.66666666666666,5.068333333333333
Wellington,9,NB,292.3333333333333,4422.333333333333,464.6666666666667,0.47272727272727266
Wellington,9,SB,1308.0,119.66666666666667,157.0,3.0651515151515154
Wellington,10,NB,306.0,4721.0,491.6666666666667,-3.9483333333333333
Wellington,10,SB,1086.3333333333333,107.0,128.0,1.8055555555555556
Wellington,11,NB,212.33333333333334,3530.6666666666665,422.0,-5.235185185185185
Wellington,11,SB,796.6666666666666,64.33333333333333,73.66666666666667,1.0116666666666667
